Link;Nome
https://developers.rdstation.com/reference/atualizar-access-token;atualizar-access-token
https://developers.rdstation.com/reference/atualizar-catalogo-de-produtos;atualizar-catalogo-de-produtos
https://developers.rdstation.com/reference/autentica%C3%A7%C3%A3o;autenticacao
https://developers.rdstation.com/reference/autenticacao-api-key;autenticacao-api-key
https://developers.rdstation.com/reference/autenticacao-video;autenticacao-video
https://developers.rdstation.com/reference/autorizar-requisicoes;autorizar-requisicoes
https://developers.rdstation.com/reference/bases-legais-rdstation-marketing;bases-legais-rdstation-marketing
https://developers.rdstation.com/reference/batch-eventos;batch-eventos
https://developers.rdstation.com/reference/boas-pr%C3%A1ticas;boas-praticas
https://developers.rdstation.com/reference/cadastrar-catalogo-de-produtos;cadastrar-catalogo-de-produtos
https://developers.rdstation.com/reference/campos-personalizados;campos-personalizados
https://developers.rdstation.com/reference/catalogo-de-produtos;catalogo-de-produtos
https://developers.rdstation.com/reference/como-revogar-acesso-de-token;como-revogar-acesso-de-token
https://developers.rdstation.com/reference/consultar-catalogo-de-produtos;consultar-catalogo-de-produtos
https://developers.rdstation.com/reference/contatos;contatos
https://developers.rdstation.com/reference/conversao;conversao
https://developers.rdstation.com/reference/criar-aplicativo-appstore;criar-aplicativo-appstore
https://developers.rdstation.com/reference/criar-fluxo-renovacao-access-token;criar-fluxo-renovacao-access-token
https://developers.rdstation.com/reference/crm-v1-activities;crm-v1-activities
https://developers.rdstation.com/reference/crm-v1-bases-legais;crm-v1-bases-legais
https://developers.rdstation.com/reference/crm-v1-campaigns;crm-v1-campaigns
https://developers.rdstation.com/reference/crm-v1-contacts;crm-v1-contacts
https://developers.rdstation.com/reference/crm-v1-create-activity;crm-v1-create-activity
https://developers.rdstation.com/reference/crm-v1-create-campaign;crm-v1-create-campaign
https://developers.rdstation.com/reference/crm-v1-create-contact;crm-v1-create-contact
https://developers.rdstation.com/reference/crm-v1-create-custom-field;crm-v1-create-custom-field
https://developers.rdstation.com/reference/crm-v1-create-deal;crm-v1-create-deal
https://developers.rdstation.com/reference/crm-v1-create-lost-reason;crm-v1-create-lost-reason
https://developers.rdstation.com/reference/crm-v1-create-organization;crm-v1-create-organization
https://developers.rdstation.com/reference/crm-v1-create-pipeline;crm-v1-create-pipeline
https://developers.rdstation.com/reference/crm-v1-create-product;crm-v1-create-product
https://developers.rdstation.com/reference/crm-v1-create-products-to-deal;crm-v1-create-products-to-deal
https://developers.rdstation.com/reference/crm-v1-create-product-to-deal;crm-v1-create-product-to-deal
https://developers.rdstation.com/reference/crm-v1-create-source;crm-v1-create-source
https://developers.rdstation.com/reference/crm-v1-create-stage;crm-v1-create-stage
https://developers.rdstation.com/reference/crm-v1-create-task;crm-v1-create-task
https://developers.rdstation.com/reference/crm-v1-create-webhook;crm-v1-create-webhook
https://developers.rdstation.com/reference/crm-v1-custom-fields;crm-v1-custom-fields
https://developers.rdstation.com/reference/crm-v1-deal-lost-reasons;crm-v1-deal-lost-reasons
https://developers.rdstation.com/reference/crm-v1-deal-pipelines;crm-v1-deal-pipelines
https://developers.rdstation.com/reference/crm-v1-deal-products;crm-v1-deal-products
https://developers.rdstation.com/reference/crm-v1-deals;crm-v1-deals
https://developers.rdstation.com/reference/crm-v1-deal-sources;crm-v1-deal-sources
https://developers.rdstation.com/reference/crm-v1-deal-stages;crm-v1-deal-stages
https://developers.rdstation.com/reference/crm-v1-delete-custom-field;crm-v1-delete-custom-field
https://developers.rdstation.com/reference/crm-v1-delete-product-from-deal;crm-v1-delete-product-from-deal
https://developers.rdstation.com/reference/crm-v1-delete-products-from-deal;crm-v1-delete-products-from-deal
https://developers.rdstation.com/reference/crm-v1-delete-webhook;crm-v1-delete-webhook
https://developers.rdstation.com/reference/crm-v1-get-campaign;crm-v1-get-campaign
https://developers.rdstation.com/reference/crm-v1-get-contact;crm-v1-get-contact
https://developers.rdstation.com/reference/crm-v1-get-custom-field;crm-v1-get-custom-field
https://developers.rdstation.com/reference/crm-v1-get-deal;crm-v1-get-deal
https://developers.rdstation.com/reference/crm-v1-get-lost-reason;crm-v1-get-lost-reason
https://developers.rdstation.com/reference/crm-v1-get-organization;crm-v1-get-organization
https://developers.rdstation.com/reference/crm-v1-get-pipeline;crm-v1-get-pipeline
https://developers.rdstation.com/reference/crm-v1-get-product;crm-v1-get-product
https://developers.rdstation.com/reference/crm-v1-get-source;crm-v1-get-source
https://developers.rdstation.com/reference/crm-v1-get-stage;crm-v1-get-stage
https://developers.rdstation.com/reference/crm-v1-get-task;crm-v1-get-task
https://developers.rdstation.com/reference/crm-v1-get-team;crm-v1-get-team
https://developers.rdstation.com/reference/crm-v1-get-user;crm-v1-get-user
https://developers.rdstation.com/reference/crm-v1-get-webhook;crm-v1-get-webhook
https://developers.rdstation.com/reference/crm-v1-introducao-e-requisitos;crm-v1-introducao-e-requisitos
https://developers.rdstation.com/reference/crm-v1-limite-de-requisicoes-da-api;crm-v1-limite-de-requisicoes-da-api
https://developers.rdstation.com/reference/crm-v1-list-activities;crm-v1-list-activities
https://developers.rdstation.com/reference/crm-v1-list-campaigns;crm-v1-list-campaigns
https://developers.rdstation.com/reference/crm-v1-list-contacts;crm-v1-list-contacts
https://developers.rdstation.com/reference/crm-v1-list-contacts-from-deal;crm-v1-list-contacts-from-deal
https://developers.rdstation.com/reference/crm-v1-list-contacts-from-organization;crm-v1-list-contacts-from-organization
https://developers.rdstation.com/reference/crm-v1-list-custom-fields;crm-v1-list-custom-fields
https://developers.rdstation.com/reference/crm-v1-list-deals;crm-v1-list-deals
https://developers.rdstation.com/reference/crm-v1-list-lost-reasons;crm-v1-list-lost-reasons
https://developers.rdstation.com/reference/crm-v1-list-organizations;crm-v1-list-organizations
https://developers.rdstation.com/reference/crm-v1-list-pipelines;crm-v1-list-pipelines
https://developers.rdstation.com/reference/crm-v1-list-products;crm-v1-list-products
https://developers.rdstation.com/reference/crm-v1-list-products-from-deal;crm-v1-list-products-from-deal
https://developers.rdstation.com/reference/crm-v1-list-sources;crm-v1-list-sources
https://developers.rdstation.com/reference/crm-v1-list-stages;crm-v1-list-stages
https://developers.rdstation.com/reference/crm-v1-list-tasks;crm-v1-list-tasks
https://developers.rdstation.com/reference/crm-v1-list-teams;crm-v1-list-teams
https://developers.rdstation.com/reference/crm-v1-list-users;crm-v1-list-users
https://developers.rdstation.com/reference/crm-v1-list-webhooks;crm-v1-list-webhooks
https://developers.rdstation.com/reference/crm-v1-mensagens-de-erro;crm-v1-mensagens-de-erro
https://developers.rdstation.com/reference/crm-v1-organizations;crm-v1-organizations
https://developers.rdstation.com/reference/crm-v1-products;crm-v1-products
https://developers.rdstation.com/reference/crm-v1-tasks;crm-v1-tasks
https://developers.rdstation.com/reference/crm-v1-teams;crm-v1-teams
https://developers.rdstation.com/reference/crm-v1-token;crm-v1-token
https://developers.rdstation.com/reference/crm-v1-token-check;crm-v1-token-check
https://developers.rdstation.com/reference/crm-v1-update-campaign;crm-v1-update-campaign
https://developers.rdstation.com/reference/crm-v1-update-contact;crm-v1-update-contact
https://developers.rdstation.com/reference/crm-v1-update-custom-field;crm-v1-update-custom-field
https://developers.rdstation.com/reference/crm-v1-update-deal;crm-v1-update-deal
https://developers.rdstation.com/reference/crm-v1-update-lost-reason;crm-v1-update-lost-reason
https://developers.rdstation.com/reference/crm-v1-update-organization;crm-v1-update-organization
https://developers.rdstation.com/reference/crm-v1-update-pipeline;crm-v1-update-pipeline
https://developers.rdstation.com/reference/crm-v1-update-product;crm-v1-update-product
https://developers.rdstation.com/reference/crm-v1-update-product-from-deal;crm-v1-update-product-from-deal
https://developers.rdstation.com/reference/crm-v1-update-products-from-deal;crm-v1-update-products-from-deal
https://developers.rdstation.com/reference/crm-v1-update-source;crm-v1-update-source
https://developers.rdstation.com/reference/crm-v1-update-stage;crm-v1-update-stage
https://developers.rdstation.com/reference/crm-v1-update-task;crm-v1-update-task
https://developers.rdstation.com/reference/crm-v1-update-webhook;crm-v1-update-webhook
https://developers.rdstation.com/reference/crm-v1-users;crm-v1-users
https://developers.rdstation.com/reference/crm-v1-webhooks;crm-v1-webhooks
https://developers.rdstation.com/reference/crm-v2-authentication;crm-v2-authentication
https://developers.rdstation.com/reference/crm-v2-authentication-step-1;crm-v2-authentication-step-1
https://developers.rdstation.com/reference/crm-v2-authentication-step-2;crm-v2-authentication-step-2
https://developers.rdstation.com/reference/crm-v2-authentication-step-3;crm-v2-authentication-step-3
https://developers.rdstation.com/reference/crm-v2-authentication-step-4;crm-v2-authentication-step-4
https://developers.rdstation.com/reference/crm-v2-campaigns;crm-v2-campaigns
https://developers.rdstation.com/reference/crm-v2-contacts;crm-v2-contacts
https://developers.rdstation.com/reference/crm-v2-create-campaign;crm-v2-create-campaign
https://developers.rdstation.com/reference/crm-v2-create-contact;crm-v2-create-contact
https://developers.rdstation.com/reference/crm-v2-create-custom-field;crm-v2-create-custom-field
https://developers.rdstation.com/reference/crm-v2-create-deal;crm-v2-create-deal
https://developers.rdstation.com/reference/crm-v2-create-lost-reason;crm-v2-create-lost-reason
https://developers.rdstation.com/reference/crm-v2-create-note-to-deal;crm-v2-create-note-to-deal
https://developers.rdstation.com/reference/crm-v2-create-organization;crm-v2-create-organization
https://developers.rdstation.com/reference/crm-v2-create-pipeline;crm-v2-create-pipeline
https://developers.rdstation.com/reference/crm-v2-create-product;crm-v2-create-product
https://developers.rdstation.com/reference/crm-v2-create-product-to-deal;crm-v2-create-product-to-deal
https://developers.rdstation.com/reference/crm-v2-create-segment;crm-v2-create-segment
https://developers.rdstation.com/reference/crm-v2-create-source;crm-v2-create-source
https://developers.rdstation.com/reference/crm-v2-create-stage-to-pipeline;crm-v2-create-stage-to-pipeline
https://developers.rdstation.com/reference/crm-v2-create-task;crm-v2-create-task
https://developers.rdstation.com/reference/crm-v2-create-webhook;crm-v2-create-webhook
https://developers.rdstation.com/reference/crm-v2-custom-fields;crm-v2-custom-fields
https://developers.rdstation.com/reference/crm-v2-deal-products;crm-v2-deal-products
https://developers.rdstation.com/reference/crm-v2-deals;crm-v2-deals
https://developers.rdstation.com/reference/crm-v2-delete-custom-field;crm-v2-delete-custom-field
https://developers.rdstation.com/reference/crm-v2-delete-product-from-deal;crm-v2-delete-product-from-deal
https://developers.rdstation.com/reference/crm-v2-delete-webhook;crm-v2-delete-webhook
https://developers.rdstation.com/reference/crm-v2-get-campaign;crm-v2-get-campaign
https://developers.rdstation.com/reference/crm-v2-get-contact;crm-v2-get-contact
https://developers.rdstation.com/reference/crm-v2-get-custom-field;crm-v2-get-custom-field
https://developers.rdstation.com/reference/crm-v2-get-deal;crm-v2-get-deal
https://developers.rdstation.com/reference/crm-v2-get-lost-reason;crm-v2-get-lost-reason
https://developers.rdstation.com/reference/crm-v2-get-organization;crm-v2-get-organization
https://developers.rdstation.com/reference/crm-v2-get-pipeline;crm-v2-get-pipeline
https://developers.rdstation.com/reference/crm-v2-get-product;crm-v2-get-product
https://developers.rdstation.com/reference/crm-v2-get-segment;crm-v2-get-segment
https://developers.rdstation.com/reference/crm-v2-get-source;crm-v2-get-source
https://developers.rdstation.com/reference/crm-v2-get-stage-from-pipeline;crm-v2-get-stage-from-pipeline
https://developers.rdstation.com/reference/crm-v2-get-task;crm-v2-get-task
https://developers.rdstation.com/reference/crm-v2-get-team;crm-v2-get-team
https://developers.rdstation.com/reference/crm-v2-get-user;crm-v2-get-user
https://developers.rdstation.com/reference/crm-v2-get-webhook;crm-v2-get-webhook
https://developers.rdstation.com/reference/crm-v2-introduction;crm-v2-introduction
https://developers.rdstation.com/reference/crm-v2-legal-bases;crm-v2-legal-bases
https://developers.rdstation.com/reference/crm-v2-list-campaigns;crm-v2-list-campaigns
https://developers.rdstation.com/reference/crm-v2-list-contacts;crm-v2-list-contacts
https://developers.rdstation.com/reference/crm-v2-list-custom-fields;crm-v2-list-custom-fields
https://developers.rdstation.com/reference/crm-v2-list-deals;crm-v2-list-deals
https://developers.rdstation.com/reference/crm-v2-list-lost-reasons;crm-v2-list-lost-reasons
https://developers.rdstation.com/reference/crm-v2-list-notes-from-deal;crm-v2-list-notes-from-deal
https://developers.rdstation.com/reference/crm-v2-list-organizations;crm-v2-list-organizations
https://developers.rdstation.com/reference/crm-v2-list-pipelines;crm-v2-list-pipelines
https://developers.rdstation.com/reference/crm-v2-list-products;crm-v2-list-products
https://developers.rdstation.com/reference/crm-v2-list-products-from-deal;crm-v2-list-products-from-deal
https://developers.rdstation.com/reference/crm-v2-list-segments;crm-v2-list-segments
https://developers.rdstation.com/reference/crm-v2-list-sources;crm-v2-list-sources
https://developers.rdstation.com/reference/crm-v2-list-stages-from-pipeline;crm-v2-list-stages-from-pipeline
https://developers.rdstation.com/reference/crm-v2-list-tasks;crm-v2-list-tasks
https://developers.rdstation.com/reference/crm-v2-list-teams;crm-v2-list-teams
https://developers.rdstation.com/reference/crm-v2-list-users;crm-v2-list-users
https://developers.rdstation.com/reference/crm-v2-list-webhooks;crm-v2-list-webhooks
https://developers.rdstation.com/reference/crm-v2-lost-reasons;crm-v2-lost-reasons
https://developers.rdstation.com/reference/crm-v2-notes;crm-v2-notes
https://developers.rdstation.com/reference/crm-v2-organizations;crm-v2-organizations
https://developers.rdstation.com/reference/crm-v2-pipelines;crm-v2-pipelines
https://developers.rdstation.com/reference/crm-v2-products;crm-v2-products
https://developers.rdstation.com/reference/crm-v2-rdql-filtering;crm-v2-rdql-filtering
https://developers.rdstation.com/reference/crm-v2-segments;crm-v2-segments
https://developers.rdstation.com/reference/crm-v2-sources;crm-v2-sources
https://developers.rdstation.com/reference/crm-v2-stages;crm-v2-stages
https://developers.rdstation.com/reference/crm-v2-tasks;crm-v2-tasks
https://developers.rdstation.com/reference/crm-v2-teams;crm-v2-teams
https://developers.rdstation.com/reference/crm-v2-update-campaign;crm-v2-update-campaign
https://developers.rdstation.com/reference/crm-v2-update-contact;crm-v2-update-contact
https://developers.rdstation.com/reference/crm-v2-update-custom-field;crm-v2-update-custom-field
https://developers.rdstation.com/reference/crm-v2-update-deal;crm-v2-update-deal
https://developers.rdstation.com/reference/crm-v2-update-lost-reason;crm-v2-update-lost-reason
https://developers.rdstation.com/reference/crm-v2-update-organization;crm-v2-update-organization
https://developers.rdstation.com/reference/crm-v2-update-pipeline;crm-v2-update-pipeline
https://developers.rdstation.com/reference/crm-v2-update-product;crm-v2-update-product
https://developers.rdstation.com/reference/crm-v2-update-product-from-deal;crm-v2-update-product-from-deal
https://developers.rdstation.com/reference/crm-v2-update-segment;crm-v2-update-segment
https://developers.rdstation.com/reference/crm-v2-update-source;crm-v2-update-source
https://developers.rdstation.com/reference/crm-v2-update-stage-from-pipeline;crm-v2-update-stage-from-pipeline
https://developers.rdstation.com/reference/crm-v2-update-task;crm-v2-update-task
https://developers.rdstation.com/reference/crm-v2-update-webhook;crm-v2-update-webhook
https://developers.rdstation.com/reference/crm-v2-use-cases;crm-v2-use-cases
https://developers.rdstation.com/reference/crm-v2-users;crm-v2-users
https://developers.rdstation.com/reference/crm-v2-webhooks;crm-v2-webhooks
https://developers.rdstation.com/reference/deletar-catalogo-de-produtos;deletar-catalogo-de-produtos
https://developers.rdstation.com/reference/delete_integrations-webhooks-uuid;delete_integrations-webhooks-uuid
https://developers.rdstation.com/reference/delete_platform-contacts-fields-uuid;delete_platform-contacts-fields-uuid
https://developers.rdstation.com/reference/delete_platform-contacts-identifier-value;delete_platform-contacts-identifier-value
https://developers.rdstation.com/reference/email-1;email-1
https://developers.rdstation.com/reference/enriquecimento-de-dados-rdsm;enriquecimento-de-dados-rdsm
https://developers.rdstation.com/reference/erros-autenticacao;erros-autenticacao
https://developers.rdstation.com/reference/estatisticas;estatisticas
https://developers.rdstation.com/reference/evento-abandono-carrinho;evento-abandono-carrinho
https://developers.rdstation.com/reference/evento-abandono-item-carrinho;evento-abandono-item-carrinho
https://developers.rdstation.com/reference/evento-chamada-concluida;evento-chamada-concluida
https://developers.rdstation.com/reference/evento-de-cancelamento-de-pedido;evento-de-cancelamento-de-pedido
https://developers.rdstation.com/reference/evento-de-carrinho-abandonado;evento-de-carrinho-abandonado
https://developers.rdstation.com/reference/evento-de-checkout-iniciado;evento-de-checkout-iniciado
https://developers.rdstation.com/reference/evento-de-conversao-do-contato;evento-de-conversao-do-contato
https://developers.rdstation.com/reference/evento-de-conversao-padrao;evento-de-conversao-padrao
https://developers.rdstation.com/reference/evento-de-conversao-via-api-key;evento-de-conversao-via-api-key
https://developers.rdstation.com/reference/evento-de-pedido-entregue;evento-de-pedido-entregue
https://developers.rdstation.com/reference/evento-de-pedido-pago;evento-de-pedido-pago
https://developers.rdstation.com/reference/evento-de-pedido-realizado;evento-de-pedido-realizado
https://developers.rdstation.com/reference/evento-de-qualificacao-do-contato;evento-de-qualificacao-do-contato
https://developers.rdstation.com/reference/evento-fechamento-pedido;evento-fechamento-pedido
https://developers.rdstation.com/reference/evento-fechamento-pedido-item-especifico;evento-fechamento-pedido-item-especifico
https://developers.rdstation.com/reference/evento-inicio-conversa;evento-inicio-conversa
https://developers.rdstation.com/reference/evento-inicio-playback-midia;evento-inicio-playback-midia
https://developers.rdstation.com/reference/evento-marcacao-oportunidade;evento-marcacao-oportunidade
https://developers.rdstation.com/reference/evento-marcacao-oportunidade-ganha;evento-marcacao-oportunidade-ganha
https://developers.rdstation.com/reference/evento-marcacao-oportunidade-perdida;evento-marcacao-oportunidade-perdida
https://developers.rdstation.com/reference/eventos-chamada;eventos-chamada
https://developers.rdstation.com/reference/eventos-chat;eventos-chat
https://developers.rdstation.com/reference/eventos-de-ecommerce;eventos-de-ecommerce
https://developers.rdstation.com/reference/eventos-de-pedido-enviado;eventos-de-pedido-enviado
https://developers.rdstation.com/reference/eventos-de-pedido-reembolsado;eventos-de-pedido-reembolsado
https://developers.rdstation.com/reference/eventos-ecommerce-deprecated;eventos-ecommerce-deprecated
https://developers.rdstation.com/reference/eventos-midia;eventos-midia
https://developers.rdstation.com/reference/evento-termino-conversa;evento-termino-conversa
https://developers.rdstation.com/reference/evento-termino-playback-midia;evento-termino-playback-midia
https://developers.rdstation.com/reference/exemplos-de-casos-de-uso;exemplos-de-casos-de-uso
https://developers.rdstation.com/reference/faq-autenticacao;faq-autenticacao
https://developers.rdstation.com/reference/fluxos-de-automa%C3%A7%C3%A3o;fluxos-de-automacao
https://developers.rdstation.com/reference/formul%C3%A1rios;formularios
https://developers.rdstation.com/reference/funis-de-contatos;funis-de-contatos
https://developers.rdstation.com/reference/gerar-code;gerar-code
https://developers.rdstation.com/reference/get_integrations-webhooks;get_integrations-webhooks
https://developers.rdstation.com/reference/get_platform-analytics-conversions;get_platform-analytics-conversions
https://developers.rdstation.com/reference/get_platform-analytics-emails;get_platform-analytics-emails
https://developers.rdstation.com/reference/get_platform-analytics-funnel;get_platform-analytics-funnel
https://developers.rdstation.com/reference/get_platform-analytics-workflow-emails;get_platform-analytics-workflow-emails
https://developers.rdstation.com/reference/get_platform-contacts-fields;get_platform-contacts-fields
https://developers.rdstation.com/reference/get_platform-contacts-identifier-value;get_platform-contacts-identifier-value
https://developers.rdstation.com/reference/get_platform-contacts-identifier-value-funnels-default;get_platform-contacts-identifier-value-funnels-default
https://developers.rdstation.com/reference/get_platform-contacts-uuid-events;get_platform-contacts-uuid-events
https://developers.rdstation.com/reference/get_platform-emails;get_platform-emails
https://developers.rdstation.com/reference/get_platform-emails-id;get_platform-emails-id
https://developers.rdstation.com/reference/get_platform-embeddables;get_platform-embeddables
https://developers.rdstation.com/reference/get_platform-landing-pages;get_platform-landing-pages
https://developers.rdstation.com/reference/get_platform-popups;get_platform-popups
https://developers.rdstation.com/reference/get_platform-segmentations;get_platform-segmentations
https://developers.rdstation.com/reference/get_platform-segmentations-id-contacts;get_platform-segmentations-id-contacts
https://developers.rdstation.com/reference/get_platform-workflows;get_platform-workflows
https://developers.rdstation.com/reference/get_platform-workflows-id;get_platform-workflows-id
https://developers.rdstation.com/reference/getonesubscription;getonesubscription
https://developers.rdstation.com/reference/introducao-rdsm;introducao-rdsm
https://developers.rdstation.com/reference/landing-pages;landing-pages
https://developers.rdstation.com/reference/limite-de-requisicoes-da-api;limite-de-requisicoes-da-api
https://developers.rdstation.com/reference/listar-catalogo-de-produtos;listar-catalogo-de-produtos
https://developers.rdstation.com/reference/mais-informa%C3%A7%C3%B5es;mais-informacoes
https://developers.rdstation.com/reference/mensagens-de-erro-rdsm;mensagens-de-erro-rdsm
https://developers.rdstation.com/reference/obter-tokens-acesso;obter-tokens-acesso
https://developers.rdstation.com/reference/patch_platform-contacts-fields-uuid;patch_platform-contacts-fields-uuid
https://developers.rdstation.com/reference/patch_platform-contacts-identifier-value;patch_platform-contacts-identifier-value
https://developers.rdstation.com/reference/pop-ups;pop-ups
https://developers.rdstation.com/reference/post_integrations-webhooks;post_integrations-webhooks
https://developers.rdstation.com/reference/post_platform-contacts;post_platform-contacts
https://developers.rdstation.com/reference/post_platform-contacts-fields;post_platform-contacts-fields
https://developers.rdstation.com/reference/post_platform-contacts-identifier-value-tag;post_platform-contacts-identifier-value-tag
https://developers.rdstation.com/reference/post_platform-workflows-id-leads;post_platform-workflows-id-leads
https://developers.rdstation.com/reference/put_platform-contacts-identifier-value-funnels-default;put_platform-contacts-identifier-value-funnels-default
https://developers.rdstation.com/reference/rdsm-campanhas;rdsm-campanhas
https://developers.rdstation.com/reference/rdsm-campanhas-exibir;rdsm-campanhas-exibir
https://developers.rdstation.com/reference/rdsm-campanhas-listar;rdsm-campanhas-listar
https://developers.rdstation.com/reference/rdsm-campanhas-listar-itens-da-campanha;rdsm-campanhas-listar-itens-da-campanha
https://developers.rdstation.com/reference/rdsm-como-migrar-api-v1-para-api-v2;rdsm-como-migrar-api-v1-para-api-v2
https://developers.rdstation.com/reference/retries-logic;retries-logic
https://developers.rdstation.com/reference/segmenta%C3%A7%C3%B5es;segmentacao
https://developers.rdstation.com/reference/seguranca;seguranca
https://developers.rdstation.com/reference/support;support
https://developers.rdstation.com/reference/updatesubscription;updatesubscription
https://developers.rdstation.com/reference/webhooks;webhooks
https://developers.rdstation.com/reference/webhooks-payload-crm;webhooks-payload-crm
https://developers.rdstation.com/reference/webhooks-payload-mkt;webhooks-payload-mkt
https://developers.rdstation.com/reference/welcome;welcome
